{
  "name": "redux-app-1",
  "version": "1.0.0",
  "description": "",
  "main": "index.js",
  "scripts": {
    "server": "node server.js",
    "webpack": "npx webpack",
    "dev": "concurrently \"npm run server\" \"npm run webpack\""
  },
  "keywords": [],
  "author": "",
  "license": "ISC",
  "devDependencies": {
    "concurrently": "^5.2.0",
    "redux-devtools-extension": "^2.13.8",
    "redux-logger": "^3.0.6",
    "webpack": "^4.43.0",
    "webpack-cli": "^3.3.11"
  },
  "dependencies": {
    "@babel/core": "^7.9.6",
    "@babel/plugin-proposal-class-properties": "^7.8.3",
    "@babel/plugin-syntax-class-properties": "^7.8.3",
    "@babel/preset-env": "^7.9.6",
    "@babel/preset-react": "^7.9.4",
    "babel-core": "^6.26.3",
    "babel-loader": "^8.1.0",
    "babel-preset-env": "^1.7.0",
    "babel-preset-es2015": "^6.24.1",
    "babel-preset-react": "^6.24.1",
    "babel-preset-stage-1": "^6.24.1",
    "express": "^4.17.1",
    "react": "^16.13.1",
    "react-bootstrap": "0.32.1",
    "react-dom": "^16.13.1",
    "react-redux": "^7.2.0",
    "react-router": "^3.0.2",
    "react-router-bootstrap": "^0.25.0",
    "react-router-dom": "^5.2.0",
    "redux": "^4.0.5"
  }
}
